id,target
c0f722661,-0.7750256
f0953f0a5,-0.4663267
0df072751,-0.8687776
04caf4e0c,-2.4381738
0e63f8bea,-1.7247847
12537fe78,-0.70263916
965e592c0,-0.044939484
